model,model_short_name,organization,release_date,benchmark,score,scorer,stderr,log_viewer
o3-mini-2025-01-31_high,O3-mini (high),OpenAI,2025-01-31,Frontier Math,0.4,pass@1 accuracy,0.16,https://logs.epoch.ai/inspect-viewer/c79c08da/viewer.html?log_file=https%3A%2F%2Flogs.epoch.ai%2Finspect_ai_logs%2FJJqAHUs8LTLCKhnTWQUVTi.eval
gemini-2.5-pro,Gemini 2.5 Pro,Google,2025-06-17,Frontier Math,0.4,pass@1 accuracy,0.16,https://logs.epoch.ai/inspect-viewer/c79c08da/viewer.html?log_file=https%3A%2F%2Flogs.epoch.ai%2Finspect_ai_logs%2Fg7m7nM2iRMskxAUbyrV766.eval
o4-mini-2025-04-16_high,O4-mini (high),OpenAI,2025-04-16,Frontier Math,0.3,pass@1 accuracy,0.15,https://logs.epoch.ai/inspect-viewer/c79c08da/viewer.html?log_file=https%3A%2F%2Flogs.epoch.ai%2Finspect_ai_logs%2FE9AfnKpQrDsFWKmXMhBbJS.eval
o4-mini-2025-04-16_low,O4-mini (low),OpenAI,2025-04-16,Frontier Math,0.3,pass@1 accuracy,0.15,https://logs.epoch.ai/inspect-viewer/c79c08da/viewer.html?log_file=https%3A%2F%2Flogs.epoch.ai%2Finspect_ai_logs%2FBMEJvvJKbhHa5q7YTuCeAi.eval
gemini-2.5-pro-preview-06-05,Gemini 2.5 Pro Preview,Google,2025-06-05,Frontier Math,0.3,pass@1 accuracy,0.15,https://logs.epoch.ai/inspect-viewer/c79c08da/viewer.html?log_file=https%3A%2F%2Flogs.epoch.ai%2Finspect_ai_logs%2FDVgoky7pTLzriyfcj3oiTC.eval
o4-mini-2025-04-16_medium,O4-mini (medium),OpenAI,2025-04-16,Frontier Math,0.2,pass@1 accuracy,0.13,https://logs.epoch.ai/inspect-viewer/c79c08da/viewer.html?log_file=https%3A%2F%2Flogs.epoch.ai%2Finspect_ai_logs%2FV7txn6pocsNsZSzt5dkZkJ.eval
o3-mini-2025-01-31_medium,O3-mini (medium),OpenAI,2025-01-31,Frontier Math,0.11,pass@1 accuracy,0.06,https://logs.epoch.ai/inspect-viewer/c79c08da/viewer.html?log_file=https%3A%2F%2Flogs.epoch.ai%2Finspect_ai_logs%2FUjGSDrmEPtVoVGdVSbUMsb.eval
gpt-4.1-mini-2025-04-14,GPT-4.1 Mini,OpenAI,2025-04-14,Frontier Math,0.1,pass@1 accuracy,0.1,https://logs.epoch.ai/inspect-viewer/c79c08da/viewer.html?log_file=https%3A%2F%2Flogs.epoch.ai%2Finspect_ai_logs%2FjM7D9QpAZVXuP93HM6ST5w.eval
o3-2025-04-16_high,O3 (high),OpenAI,2025-04-16,Frontier Math,0.1,pass@1 accuracy,0.1,https://logs.epoch.ai/inspect-viewer/c79c08da/viewer.html?log_file=https%3A%2F%2Flogs.epoch.ai%2Finspect_ai_logs%2FgXQ6PHjaqbjcBj6KV9UKSK.eval
o3-2025-04-16_low,O3 (low),OpenAI,2025-04-16,Frontier Math,0.1,pass@1 accuracy,0.1,https://logs.epoch.ai/inspect-viewer/c79c08da/viewer.html?log_file=https%3A%2F%2Flogs.epoch.ai%2Finspect_ai_logs%2F47yfmJgzAJq5DfUcBGVebV.eval
grok-2-1212,Grok-2,xAI,2024-12-12,Frontier Math,0.0,pass@1 accuracy,0.0,https://logs.epoch.ai/inspect-viewer/c79c08da/viewer.html?log_file=https%3A%2F%2Flogs.epoch.ai%2Finspect_ai_logs%2F7rbXSQ8hFiXCCFv2vtqiiH.eval
claude-3-7-sonnet-20250219,Claude 3.7 Sonnet,Anthropic,2025-02-24,Frontier Math,0.0,pass@1 accuracy,0.0,https://logs.epoch.ai/inspect-viewer/c79c08da/viewer.html?log_file=https%3A%2F%2Flogs.epoch.ai%2Finspect_ai_logs%2FdvMWxBZMaxp6adP9zGszYG.eval
mistral-large-2411,Mistral Large,Mistral AI,2024-11-18,Frontier Math,0.0,pass@1 accuracy,0.0,https://logs.epoch.ai/inspect-viewer/c79c08da/viewer.html?log_file=https%3A%2F%2Flogs.epoch.ai%2Finspect_ai_logs%2FkPCieUA4pKDto2xEfvQqSL.eval
gpt-4o-2024-11-20,GPT-4o,OpenAI,2024-11-20,Frontier Math,0.0,pass@1 accuracy,0.0,https://logs.epoch.ai/inspect-viewer/c79c08da/viewer.html?log_file=https%3A%2F%2Flogs.epoch.ai%2Finspect_ai_logs%2FSNDo6TsviYYTiH2kCmf7Pr.eval
claude-3-7-sonnet-20250219_16K,Claude 3.7 Sonnet (16k thinking),Anthropic,2025-02-24,Frontier Math,0.0,pass@1 accuracy,0.0,https://logs.epoch.ai/inspect-viewer/c79c08da/viewer.html?log_file=https%3A%2F%2Flogs.epoch.ai%2Finspect_ai_logs%2F8wm9yBTJHoY6ui45QTpjn2.eval
o1-mini-2024-09-12_medium,O1-mini (medium),OpenAI,2024-09-12,Frontier Math,0.0,pass@1 accuracy,0.0,https://logs.epoch.ai/inspect-viewer/c79c08da/viewer.html?log_file=https%3A%2F%2Flogs.epoch.ai%2Finspect_ai_logs%2FQKY2tL2pcQ33bDkdMCQzdr.eval
o1-mini-2024-09-12_high,O1-mini (high),OpenAI,2024-09-12,Frontier Math,0.0,pass@1 accuracy,0.0,https://logs.epoch.ai/inspect-viewer/c79c08da/viewer.html?log_file=https%3A%2F%2Flogs.epoch.ai%2Finspect_ai_logs%2FJPadBpaxxGpdvTXtfHuvPV.eval
claude-3-5-sonnet-20241022,Claude 3.5 Sonnet,Anthropic,2024-10-22,Frontier Math,0.0,pass@1 accuracy,0.0,https://logs.epoch.ai/inspect-viewer/c79c08da/viewer.html?log_file=https%3A%2F%2Flogs.epoch.ai%2Finspect_ai_logs%2FADAsCz7ZtJ8E4inNusQebu.eval
claude-3-5-haiku-20241022,Claude 3.5 Haiku,Anthropic,2024-10-22,Frontier Math,0.0,pass@1 accuracy,0.0,https://logs.epoch.ai/inspect-viewer/c79c08da/viewer.html?log_file=https%3A%2F%2Flogs.epoch.ai%2Finspect_ai_logs%2FQe4yHtQm26TQHFCAjhKBaA.eval
gemini-1.5-flash-002,Gemini 1.5 Flash,Google,2024-09-24,Frontier Math,0.0,pass@1 accuracy,0.0,https://logs.epoch.ai/inspect-viewer/c79c08da/viewer.html?log_file=https%3A%2F%2Flogs.epoch.ai%2Finspect_ai_logs%2FHs7dxLcim5bsmuG2DqnnsA.eval
gpt-4o-2024-08-06,GPT-4o,OpenAI,2024-08-06,Frontier Math,0.0,pass@1 accuracy,0.0,https://logs.epoch.ai/inspect-viewer/c79c08da/viewer.html?log_file=https%3A%2F%2Flogs.epoch.ai%2Finspect_ai_logs%2FBhMT5JGDGaz4FvSyNLYmok.eval
claude-3-5-sonnet-20240620,Claude 3.5 Sonnet,Anthropic,2024-06-20,Frontier Math,0.0,pass@1 accuracy,0.0,https://logs.epoch.ai/inspect-viewer/c79c08da/viewer.html?log_file=https%3A%2F%2Flogs.epoch.ai%2Finspect_ai_logs%2Fi5xfb9Bk8TaiuQ6WccCAzu.eval
gemini-2.0-flash-001,Gemini 2.0 Flash,Google,2025-02-05,Frontier Math,0.0,pass@1 accuracy,0.0,https://logs.epoch.ai/inspect-viewer/c79c08da/viewer.html?log_file=https%3A%2F%2Flogs.epoch.ai%2Finspect_ai_logs%2FPDACS493wNy85eyMC9NULs.eval
o1-2024-12-17_high,O1 (high),OpenAI,2024-12-17,Frontier Math,0.0,pass@1 accuracy,0.0,https://logs.epoch.ai/inspect-viewer/c79c08da/viewer.html?log_file=https%3A%2F%2Flogs.epoch.ai%2Finspect_ai_logs%2FBhT6UhKLcghqng7J8NbPWH.eval
gemini-2.0-pro-exp-02-05,Gemini 2.0,Google,2025-02-05,Frontier Math,0.0,pass@1 accuracy,0.0,https://logs.epoch.ai/inspect-viewer/c79c08da/viewer.html?log_file=https%3A%2F%2Flogs.epoch.ai%2Finspect_ai_logs%2FRaMuNb5qvzGzMveuZuhEAZ.eval
claude-3-7-sonnet-20250219_32K,Claude 3.7 Sonnet,Anthropic,2025-02-24,Frontier Math,0.0,pass@1 accuracy,0.0,https://logs.epoch.ai/inspect-viewer/c79c08da/viewer.html?log_file=https%3A%2F%2Flogs.epoch.ai%2Finspect_ai_logs%2FVzgR6YSTMWX3dFDwQgmFpM.eval
claude-3-7-sonnet-20250219_64K,Claude 3.7 Sonnet,Anthropic,2025-02-24,Frontier Math,0.0,pass@1 accuracy,0.0,https://logs.epoch.ai/inspect-viewer/c79c08da/viewer.html?log_file=https%3A%2F%2Flogs.epoch.ai%2Finspect_ai_logs%2FRfy7A5TbRK343mTyQkeGt7.eval
Llama-4-Scout-17B-16E-Instruct,Llama 4,Meta AI,2025-04-05,Frontier Math,0.0,pass@1 accuracy,0.0,https://logs.epoch.ai/inspect-viewer/c79c08da/viewer.html?log_file=https%3A%2F%2Flogs.epoch.ai%2Finspect_ai_logs%2Fm96PYCivjSmTVDd27zw84m.eval
Llama-4-Maverick-17B-128E-Instruct-FP8,Llama 4,Meta AI,2025-04-05,Frontier Math,0.0,pass@1 accuracy,0.0,https://logs.epoch.ai/inspect-viewer/c79c08da/viewer.html?log_file=https%3A%2F%2Flogs.epoch.ai%2Finspect_ai_logs%2FM2qDSno6GVHdWjcdGRGy9D.eval
grok-3-beta,Grok-3 (beta),xAI,2025-04-09,Frontier Math,0.0,pass@1 accuracy,0.0,https://logs.epoch.ai/inspect-viewer/c79c08da/viewer.html?log_file=https%3A%2F%2Flogs.epoch.ai%2Finspect_ai_logs%2FWBwJHBpCqKQvZBnoZ4Y8H9.eval
grok-3-mini-beta_high,Grok-3 mini (beta),xAI,2025-04-09,Frontier Math,0.0,pass@1 accuracy,0.0,https://logs.epoch.ai/inspect-viewer/c79c08da/viewer.html?log_file=https%3A%2F%2Flogs.epoch.ai%2Finspect_ai_logs%2FHQ3GnLdmf8Cy6dceb8d7cL.eval
grok-3-mini-beta_low,Grok-3 mini (beta),xAI,2025-04-09,Frontier Math,0.0,pass@1 accuracy,0.0,https://logs.epoch.ai/inspect-viewer/c79c08da/viewer.html?log_file=https%3A%2F%2Flogs.epoch.ai%2Finspect_ai_logs%2FmvPsa56tAProncoFm6Y7aW.eval
gpt-4.1-2025-04-14,GPT-4.1,OpenAI,2025-04-14,Frontier Math,0.0,pass@1 accuracy,0.0,https://logs.epoch.ai/inspect-viewer/c79c08da/viewer.html?log_file=https%3A%2F%2Flogs.epoch.ai%2Finspect_ai_logs%2FQjrnNoyDCzDYmFxgfYCuTm.eval
gpt-4.1-nano-2025-04-14,GPT-4.1,OpenAI,2025-04-14,Frontier Math,0.0,pass@1 accuracy,0.0,https://logs.epoch.ai/inspect-viewer/c79c08da/viewer.html?log_file=https%3A%2F%2Flogs.epoch.ai%2Finspect_ai_logs%2FR4GLbPVPjbATgWQJFjF2EQ.eval
o3-2025-04-16_medium,O3 (medium),OpenAI,2025-04-16,Frontier Math,0.0,pass@1 accuracy,0.0,https://logs.epoch.ai/inspect-viewer/c79c08da/viewer.html?log_file=https%3A%2F%2Flogs.epoch.ai%2Finspect_ai_logs%2FgdKs4ZBYcVz8oUvzu5VkDB.eval
mistral-medium-2505,Mistral Medium,Mistral AI,2025-05-07,Frontier Math,0.0,pass@1 accuracy,0.0,https://logs.epoch.ai/inspect-viewer/c79c08da/viewer.html?log_file=https%3A%2F%2Flogs.epoch.ai%2Finspect_ai_logs%2FK86QrHt55VSsziWQMEz4jS.eval
claude-opus-4-20250514,Claude Opus 4,Anthropic,2025-05-22,Frontier Math,0.0,pass@1 accuracy,0.0,https://logs.epoch.ai/inspect-viewer/c79c08da/viewer.html?log_file=https%3A%2F%2Flogs.epoch.ai%2Finspect_ai_logs%2F8tJAHDQwvGBc5ZxJiug3dh.eval
claude-sonnet-4-20250514,Claude Sonnet 4,Anthropic,2025-05-22,Frontier Math,0.0,pass@1 accuracy,0.0,https://logs.epoch.ai/inspect-viewer/c79c08da/viewer.html?log_file=https%3A%2F%2Flogs.epoch.ai%2Finspect_ai_logs%2FFhYfB6gn2MEompxg7WoKcX.eval
magistral-small-2506,magistral-small-2506,Mistral AI,2025-06-10,Frontier Math,0.0,pass@1 accuracy,0.0,https://logs.epoch.ai/inspect-viewer/c79c08da/viewer.html?log_file=https%3A%2F%2Flogs.epoch.ai%2Finspect_ai_logs%2F76hqeNUL93NiB5SHQfFwrw.eval
gemini-2.5-pro-preview-06-05,Gemini 2.5 Pro Preview,Google,2025-06-05,GPQA Diamond,0.85,choice,0.03,https://logs.epoch.ai/inspect-viewer/c79c08da/viewer.html?log_file=https%3A%2F%2Flogs.epoch.ai%2Finspect_ai_logs%2FQ4qTzHnjLyiCCRvNpXioUq.eval
gemini-2.5-pro-exp-03-25,Gemini 2.5 Pro,Google,2025-03-25,GPQA Diamond,0.84,choice,0.03,https://logs.epoch.ai/inspect-viewer/c79c08da/viewer.html?log_file=https%3A%2F%2Flogs.epoch.ai%2Finspect_ai_logs%2FWKjzEQdfnBHnYeZoKeCWnB.eval
o3-2025-04-16_high,O3 (high),OpenAI,2025-04-16,GPQA Diamond,0.82,choice,0.02,https://logs.epoch.ai/inspect-viewer/c79c08da/viewer.html?log_file=https%3A%2F%2Flogs.epoch.ai%2Finspect_ai_logs%2FevANZQ9oQTdGYbDERw7VrD.eval
o4-mini-2025-04-16_high,O4-mini (high),OpenAI,2025-04-16,GPQA Diamond,0.8,choice,0.02,https://logs.epoch.ai/inspect-viewer/c79c08da/viewer.html?log_file=https%3A%2F%2Flogs.epoch.ai%2Finspect_ai_logs%2F9Sgsz5XCjscuZkexf7MX9c.eval
claude-sonnet-4-20250514_59K,Claude Sonnet 4,Anthropic,2025-05-22,GPQA Diamond,0.79,choice,0.03,https://logs.epoch.ai/inspect-viewer/c79c08da/viewer.html?log_file=https%3A%2F%2Flogs.epoch.ai%2Finspect_ai_logs%2FJ9wjcQqKJ7hCSYnnoa5E9i.eval
claude-sonnet-4-20250514_32K,Claude Sonnet 4,Anthropic,2025-05-22,GPQA Diamond,0.78,choice,0.03,https://logs.epoch.ai/inspect-viewer/c79c08da/viewer.html?log_file=https%3A%2F%2Flogs.epoch.ai%2Finspect_ai_logs%2F8hGbWtbpUjAQpebkKQfSi7.eval
o3-mini-2025-01-31_high,O3-mini (high),OpenAI,2025-01-31,GPQA Diamond,0.77,choice,0.03,https://logs.epoch.ai/inspect-viewer/c79c08da/viewer.html?log_file=https%3A%2F%2Flogs.epoch.ai%2Finspect_ai_logs%2FMzsTvCEEfEpzn4WvxYdJkX.eval
o1-2024-12-17_high,O1 (high),OpenAI,2024-12-17,GPQA Diamond,0.77,choice,0.03,https://logs.epoch.ai/inspect-viewer/c79c08da/viewer.html?log_file=https%3A%2F%2Flogs.epoch.ai%2Finspect_ai_logs%2FNAkCFiFiDSN3NXMj7HMvMS.eval
claude-3-7-sonnet-20250219_16K,Claude 3.7 Sonnet (16k thinking),Anthropic,2025-02-24,GPQA Diamond,0.77,choice,0.03,https://logs.epoch.ai/inspect-viewer/c79c08da/viewer.html?log_file=https%3A%2F%2Flogs.epoch.ai%2Finspect_ai_logs%2FVn3Ug88CRbxEaJhLbRzAWD.eval
claude-3-7-sonnet-20250219_32K,Claude 3.7 Sonnet,Anthropic,2025-02-24,GPQA Diamond,0.77,choice,0.03,https://logs.epoch.ai/inspect-viewer/c79c08da/viewer.html?log_file=https%3A%2F%2Flogs.epoch.ai%2Finspect_ai_logs%2Fiv9yfwZ9vTznxQfvJF6J7p.eval
claude-3-7-sonnet-20250219_64K,Claude 3.7 Sonnet,Anthropic,2025-02-24,GPQA Diamond,0.77,choice,0.03,https://logs.epoch.ai/inspect-viewer/c79c08da/viewer.html?log_file=https%3A%2F%2Flogs.epoch.ai%2Finspect_ai_logs%2F2t26VSNdsAE5pefQEMP25x.eval
o1-2024-12-17_medium,O1 (medium),OpenAI,2024-12-17,GPQA Diamond,0.76,choice,0.03,https://logs.epoch.ai/inspect-viewer/c79c08da/viewer.html?log_file=https%3A%2F%2Flogs.epoch.ai%2Finspect_ai_logs%2FUczhz7MKLstjLkSbbGuwdN.eval
grok-3-mini-beta_low,Grok-3 mini (beta),xAI,2025-04-09,GPQA Diamond,0.76,choice,0.03,https://logs.epoch.ai/inspect-viewer/c79c08da/viewer.html?log_file=https%3A%2F%2Flogs.epoch.ai%2Finspect_ai_logs%2FMcxfQdC5aypnD3STwZUBjH.eval
claude-sonnet-4-20250514_16K,Claude Sonnet 4,Anthropic,2025-05-22,GPQA Diamond,0.76,choice,0.03,https://logs.epoch.ai/inspect-viewer/c79c08da/viewer.html?log_file=https%3A%2F%2Flogs.epoch.ai%2Finspect_ai_logs%2FPPLoBnbKQ9CEYZNSk3E7LE.eval
claude-opus-4-20250514_16K,Claude Opus 4,Anthropic,2025-05-22,GPQA Diamond,0.76,choice,0.03,https://logs.epoch.ai/inspect-viewer/c79c08da/viewer.html?log_file=https%3A%2F%2Flogs.epoch.ai%2Finspect_ai_logs%2FCtxFusPxCraL3EeRJu2c5k.eval
grok-3-beta,Grok-3 (beta),xAI,2025-04-09,GPQA Diamond,0.76,choice,0.03,https://logs.epoch.ai/inspect-viewer/c79c08da/viewer.html?log_file=https%3A%2F%2Flogs.epoch.ai%2Finspect_ai_logs%2FFQ8Ykq4JWRSXnyF9rbmLc7.eval
o3-mini-2025-01-31_medium,O3-mini (medium),OpenAI,2025-01-31,GPQA Diamond,0.74,choice,0.03,https://logs.epoch.ai/inspect-viewer/c79c08da/viewer.html?log_file=https%3A%2F%2Flogs.epoch.ai%2Finspect_ai_logs%2FehvA5nisC7GMbgbyy3Z4Et.eval
grok-3-mini-beta_high,Grok-3 mini (beta),xAI,2025-04-09,GPQA Diamond,0.74,choice,0.03,https://logs.epoch.ai/inspect-viewer/c79c08da/viewer.html?log_file=https%3A%2F%2Flogs.epoch.ai%2Finspect_ai_logs%2FJFZMWFVGNi5R5TdZrvQUFw.eval
gpt-4.5-preview-2025-02-27,GPT-4,OpenAI,2025-02-27,GPQA Diamond,0.69,choice,0.03,https://logs.epoch.ai/inspect-viewer/c79c08da/viewer.html?log_file=https%3A%2F%2Flogs.epoch.ai%2Finspect_ai_logs%2FdodibSv7pk8GtqeMy4YLQg.eval
claude-opus-4-20250514,Claude Opus 4,Anthropic,2025-05-22,GPQA Diamond,0.69,choice,0.03,https://logs.epoch.ai/inspect-viewer/c79c08da/viewer.html?log_file=https%3A%2F%2Flogs.epoch.ai%2Finspect_ai_logs%2FEnjJ8bGi9vRNNQFzfkLCkQ.eval
Llama-4-Maverick-17B-128E-Instruct-FP8,Llama 4,Meta AI,2025-04-05,GPQA Diamond,0.67,choice,0.03,https://logs.epoch.ai/inspect-viewer/c79c08da/viewer.html?log_file=https%3A%2F%2Flogs.epoch.ai%2Finspect_ai_logs%2FLyHy99ubGCqBhoaksQjkiF.eval
gpt-4.1-2025-04-14,GPT-4.1,OpenAI,2025-04-14,GPQA Diamond,0.67,choice,0.03,https://logs.epoch.ai/inspect-viewer/c79c08da/viewer.html?log_file=https%3A%2F%2Flogs.epoch.ai%2Finspect_ai_logs%2FGj8pd5gU9r4LqwDK8XZ4mL.eval
claude-sonnet-4-20250514,Claude Sonnet 4,Anthropic,2025-05-22,GPQA Diamond,0.67,choice,0.03,https://logs.epoch.ai/inspect-viewer/c79c08da/viewer.html?log_file=https%3A%2F%2Flogs.epoch.ai%2Finspect_ai_logs%2FZF4eejw7J2KrcoNWd6hUbU.eval
gemini-2.5-pro-preview-05-06,Gemini 2.5 Pro Preview,Google,2025-05-06,GPQA Diamond,0.67,choice,0.03,https://logs.epoch.ai/inspect-viewer/c79c08da/viewer.html?log_file=https%3A%2F%2Flogs.epoch.ai%2Finspect_ai_logs%2FTT66gGiVoeYLGQMCESPrEG.eval
gemini-2.0-pro-exp-02-05,Gemini 2.0,Google,2025-02-05,GPQA Diamond,0.66,choice,0.03,https://logs.epoch.ai/inspect-viewer/c79c08da/viewer.html?log_file=https%3A%2F%2Flogs.epoch.ai%2Finspect_ai_logs%2Fg5YE7G6DXb45EH4HxEdiht.eval
claude-3-7-sonnet-20250219,Claude 3.7 Sonnet,Anthropic,2025-02-24,GPQA Diamond,0.66,choice,0.03,https://logs.epoch.ai/inspect-viewer/c79c08da/viewer.html?log_file=https%3A%2F%2Flogs.epoch.ai%2Finspect_ai_logs%2FPyNEkFCfMEReodeE2oiPhh.eval
gpt-4.1-mini-2025-04-14,GPT-4.1 Mini,OpenAI,2025-04-14,GPQA Diamond,0.66,choice,0.03,https://logs.epoch.ai/inspect-viewer/c79c08da/viewer.html?log_file=https%3A%2F%2Flogs.epoch.ai%2Finspect_ai_logs%2FdXHddeGRX7JRVa5UNfad5C.eval
gemini-2.0-flash-001,Gemini 2.0 Flash,Google,2025-02-05,GPQA Diamond,0.64,choice,0.03,https://logs.epoch.ai/inspect-viewer/c79c08da/viewer.html?log_file=https%3A%2F%2Flogs.epoch.ai%2Finspect_ai_logs%2FfbszwTApm3f28z5VA6oXBK.eval
o1-mini-2024-09-12_high,O1-mini (high),OpenAI,2024-09-12,GPQA Diamond,0.62,choice,0.03,https://logs.epoch.ai/inspect-viewer/c79c08da/viewer.html?log_file=https%3A%2F%2Flogs.epoch.ai%2Finspect_ai_logs%2FX2gKewiGPZx5DLFEddUUqW.eval
o1-mini-2024-09-12_medium,O1-mini (medium),OpenAI,2024-09-12,GPQA Diamond,0.6,choice,0.03,https://logs.epoch.ai/inspect-viewer/c79c08da/viewer.html?log_file=https%3A%2F%2Flogs.epoch.ai%2Finspect_ai_logs%2F4NiUpCrLfz3oFaerkrMeBt.eval
mistral-medium-2505,Mistral Medium,Mistral AI,2025-05-07,GPQA Diamond,0.6,choice,0.03,https://logs.epoch.ai/inspect-viewer/c79c08da/viewer.html?log_file=https%3A%2F%2Flogs.epoch.ai%2Finspect_ai_logs%2FFNMbfvEEm9PRnrJnrqk2PH.eval
gemini-1.5-pro-002,Gemini 1.5 Pro,Google,2024-09-24,GPQA Diamond,0.57,choice,0.03,https://logs.epoch.ai/inspect-viewer/c79c08da/viewer.html?log_file=https%3A%2F%2Flogs.epoch.ai%2Finspect_ai_logs%2F9TrLEEw8TvsyugyCjwvUvD.eval
gemini-2.0-flash-thinking-exp-01-21,Gemini 2.0 Flash Thinking,Google,2025-01-21,GPQA Diamond,0.57,choice,0.04,https://logs.epoch.ai/inspect-viewer/c79c08da/viewer.html?log_file=https%3A%2F%2Flogs.epoch.ai%2Finspect_ai_logs%2Fag9w2w4xa47ghZaWt5oZey.eval
claude-3-5-sonnet-20241022,Claude 3.5 Sonnet,Anthropic,2024-10-22,GPQA Diamond,0.55,choice,0.03,https://logs.epoch.ai/inspect-viewer/c79c08da/viewer.html?log_file=https%3A%2F%2Flogs.epoch.ai%2Finspect_ai_logs%2FJCCVcVLz3J4TQXSU67hMJZ.eval
claude-3-5-sonnet-20240620,Claude 3.5 Sonnet,Anthropic,2024-06-20,GPQA Diamond,0.54,choice,0.03,https://logs.epoch.ai/inspect-viewer/c79c08da/viewer.html?log_file=https%3A%2F%2Flogs.epoch.ai%2Finspect_ai_logs%2F78Wpvp8WDByAcQRBas72cs.eval
grok-2-1212,Grok-2,xAI,2024-12-12,GPQA Diamond,0.54,choice,0.03,https://logs.epoch.ai/inspect-viewer/c79c08da/viewer.html?log_file=https%3A%2F%2Flogs.epoch.ai%2Finspect_ai_logs%2F83DRJD4FvjwqU9eStRaNiU.eval
Llama-4-Scout-17B-16E-Instruct,Llama 4,Meta AI,2025-04-05,GPQA Diamond,0.52,choice,0.03,https://logs.epoch.ai/inspect-viewer/c79c08da/viewer.html?log_file=https%3A%2F%2Flogs.epoch.ai%2Finspect_ai_logs%2FMsXAXDEKP3xBKtiA7aTBBG.eval
Llama-3.1-405B-Instruct,Llama 3.1,Meta AI,2024-07-23,GPQA Diamond,0.51,choice,0.03,https://logs.epoch.ai/inspect-viewer/c79c08da/viewer.html?log_file=https%3A%2F%2Flogs.epoch.ai%2Finspect_ai_logs%2FS5QYXSvQBRSbUbXSnAGbMm.eval
mistral-large-2411,Mistral Large,Mistral AI,2024-11-18,GPQA Diamond,0.51,choice,0.03,https://logs.epoch.ai/inspect-viewer/c79c08da/viewer.html?log_file=https%3A%2F%2Flogs.epoch.ai%2Finspect_ai_logs%2Fn9gpXfUzo8SbWqvrG2q4xM.eval
o1-preview-2024-09-12,O1,OpenAI,2024-09-12,GPQA Diamond,0.5,choice,0.03,https://logs.epoch.ai/inspect-viewer/c79c08da/viewer.html?log_file=https%3A%2F%2Flogs.epoch.ai%2Finspect_ai_logs%2F7CkADTsoNbDd88uqYbqfwj.eval
gpt-4o-2024-08-06,GPT-4o,OpenAI,2024-08-06,GPQA Diamond,0.49,choice,0.03,https://logs.epoch.ai/inspect-viewer/c79c08da/viewer.html?log_file=https%3A%2F%2Flogs.epoch.ai%2Finspect_ai_logs%2FfairJpL9VekDBKxYHG9ZoG.eval
gpt-4o-2024-05-13,GPT-4o,OpenAI,2024-05-13,GPQA Diamond,0.49,choice,0.03,https://logs.epoch.ai/inspect-viewer/c79c08da/viewer.html?log_file=https%3A%2F%2Flogs.epoch.ai%2Finspect_ai_logs%2FY59q8WbEDp2HH8oovyJCj9.eval
mistral-large-2407,Mistral Large,Mistral AI,2024-06-24,GPQA Diamond,0.49,choice,0.03,https://logs.epoch.ai/inspect-viewer/c79c08da/viewer.html?log_file=https%3A%2F%2Flogs.epoch.ai%2Finspect_ai_logs%2FZQPNnicTuhuscJvni85PFY.eval
gemma-3-27b-it,gemma-3-27b-it,Google,2025-03-12,GPQA Diamond,0.49,choice,0.03,https://logs.epoch.ai/inspect-viewer/c79c08da/viewer.html?log_file=https%3A%2F%2Flogs.epoch.ai%2Finspect_ai_logs%2FFtxiPnS7ZH5qLrmFgp4ca2.eval
gpt-4.1-nano-2025-04-14,GPT-4.1,OpenAI,2025-04-14,GPQA Diamond,0.49,choice,0.02,https://logs.epoch.ai/inspect-viewer/c79c08da/viewer.html?log_file=https%3A%2F%2Flogs.epoch.ai%2Finspect_ai_logs%2FazWfeFPP6zSocuQX3JYBU5.eval
gpt-4o-2024-11-20,GPT-4o,OpenAI,2024-11-20,GPQA Diamond,0.48,choice,0.03,https://logs.epoch.ai/inspect-viewer/c79c08da/viewer.html?log_file=https%3A%2F%2Flogs.epoch.ai%2Finspect_ai_logs%2FgULKGqAe9nG9syxmYMtkhi.eval
magistral-small-2506,magistral-small-2506,Mistral AI,2025-06-10,GPQA Diamond,0.48,choice,0.02,https://logs.epoch.ai/inspect-viewer/c79c08da/viewer.html?log_file=https%3A%2F%2Flogs.epoch.ai%2Finspect_ai_logs%2F5hAnRpZh5ZZubbPgrrcm6D.eval
claude-3-opus-20240229,claude-3-opus,Anthropic,2024-02-29,GPQA Diamond,0.47,choice,0.03,https://logs.epoch.ai/inspect-viewer/c79c08da/viewer.html?log_file=https%3A%2F%2Flogs.epoch.ai%2Finspect_ai_logs%2FhTnDa4gn8RYduCEYqoNywe.eval
gemini-1.5-flash-002,Gemini 1.5 Flash,Google,2024-09-24,GPQA Diamond,0.47,choice,0.03,https://logs.epoch.ai/inspect-viewer/c79c08da/viewer.html?log_file=https%3A%2F%2Flogs.epoch.ai%2Finspect_ai_logs%2FPCLvrs4TEBtqQqcYeU8pAG.eval
Llama-3.3-70B-Instruct,Llama 3.3,Meta AI,2024-12-06,GPQA Diamond,0.47,choice,0.03,https://logs.epoch.ai/inspect-viewer/c79c08da/viewer.html?log_file=https%3A%2F%2Flogs.epoch.ai%2Finspect_ai_logs%2FTxXS78Wg2pSCDbpmeJuzQn.eval
gpt-4-turbo-2024-04-09,GPT-4 Turbo,OpenAI,2024-04-09,GPQA Diamond,0.47,choice,0.03,https://logs.epoch.ai/inspect-viewer/c79c08da/viewer.html?log_file=https%3A%2F%2Flogs.epoch.ai%2Finspect_ai_logs%2FTaCoN7eyPQEfDWXqs2MpcF.eval
mistral-small-2503,Mistral Small,Mistral AI,2025-03-17,GPQA Diamond,0.47,choice,0.03,https://logs.epoch.ai/inspect-viewer/c79c08da/viewer.html?log_file=https%3A%2F%2Flogs.epoch.ai%2Finspect_ai_logs%2FS8bBDAbucsFceirHxeEDvu.eval
gemini-1.5-pro-001,Gemini 1.5 Pro,Google,2024-05-24,GPQA Diamond,0.46,choice,0.03,https://logs.epoch.ai/inspect-viewer/c79c08da/viewer.html?log_file=https%3A%2F%2Flogs.epoch.ai%2Finspect_ai_logs%2FPKdqpKZ9tqDWyWJ7GksBWz.eval
Llama-3.1-Tulu-3-70B-DPO,Llama 3.1,Meta AI,2024-11-21,GPQA Diamond,0.46,choice,0.02,https://logs.epoch.ai/inspect-viewer/c79c08da/viewer.html?log_file=https%3A%2F%2Flogs.epoch.ai%2Finspect_ai_logs%2F5JgivNDZp2D7Lc7cpDhS28.eval
mistral-small-2501,Mistral Small,Mistral AI,2025-01-25,GPQA Diamond,0.45,choice,0.02,https://logs.epoch.ai/inspect-viewer/c79c08da/viewer.html?log_file=https%3A%2F%2Flogs.epoch.ai%2Finspect_ai_logs%2FoDq358GfyV5Au65scERdVo.eval
Llama-3.1-70B-Instruct,Llama 3.1,Meta AI,2024-07-23,GPQA Diamond,0.44,choice,0.02,https://logs.epoch.ai/inspect-viewer/c79c08da/viewer.html?log_file=https%3A%2F%2Flogs.epoch.ai%2Finspect_ai_logs%2FMEwMcmSV32JHrsNoAq4BFL.eval
gpt-4-0125-preview,GPT-4,OpenAI,2024-01-25,GPQA Diamond,0.42,choice,0.03,https://logs.epoch.ai/inspect-viewer/c79c08da/viewer.html?log_file=https%3A%2F%2Flogs.epoch.ai%2Finspect_ai_logs%2F4j3WRhhruXrfaq9Jki3NDc.eval
gpt-4-1106-preview,GPT-4,OpenAI,2023-11-06,GPQA Diamond,0.42,choice,0.02,https://logs.epoch.ai/inspect-viewer/c79c08da/viewer.html?log_file=https%3A%2F%2Flogs.epoch.ai%2Finspect_ai_logs%2FAWewipyfSQb8hXtS8d4fNL.eval
claude-3-sonnet-20240229,claude-3-sonnet,Anthropic,2024-02-29,GPQA Diamond,0.41,choice,0.02,https://logs.epoch.ai/inspect-viewer/c79c08da/viewer.html?log_file=https%3A%2F%2Flogs.epoch.ai%2Finspect_ai_logs%2FQLejPZXhjX6SQCQgzjNvCG.eval
Meta-Llama-3-70B-Instruct,Llama 3,Meta AI,2024-04-18,GPQA Diamond,0.41,choice,0.03,https://logs.epoch.ai/inspect-viewer/c79c08da/viewer.html?log_file=https%3A%2F%2Flogs.epoch.ai%2Finspect_ai_logs%2FjrvutCoFFG4KxYtU7REdpe.eval
Llama-3.2-90B-Vision-Instruct,Llama 3.2,Meta AI,2024-09-24,GPQA Diamond,0.41,choice,0.02,https://logs.epoch.ai/inspect-viewer/c79c08da/viewer.html?log_file=https%3A%2F%2Flogs.epoch.ai%2Finspect_ai_logs%2F9SSHEP95FYVZvHDdoHSRy3.eval
gemini-1.5-flash-001,Gemini 1.5 Flash,Google,2024-05-23,GPQA Diamond,0.4,choice,0.02,https://logs.epoch.ai/inspect-viewer/c79c08da/viewer.html?log_file=https%3A%2F%2Flogs.epoch.ai%2Finspect_ai_logs%2FHc2ycMP6DyCZxCPjKbZFQU.eval
mistral-large-2402,Mistral Large,Mistral AI,2024-02-26,GPQA Diamond,0.39,choice,0.02,https://logs.epoch.ai/inspect-viewer/c79c08da/viewer.html?log_file=https%3A%2F%2Flogs.epoch.ai%2Finspect_ai_logs%2FdDeREdDJ5bVyci3APZxzWb.eval
gpt-4o-mini-2024-07-18,GPT-4o mini,OpenAI,2024-07-18,GPQA Diamond,0.38,choice,0.02,https://logs.epoch.ai/inspect-viewer/c79c08da/viewer.html?log_file=https%3A%2F%2Flogs.epoch.ai%2Finspect_ai_logs%2FL9yfwZC3snsKZshBXTaXjc.eval
claude-3-5-haiku-20241022,Claude 3.5 Haiku,Anthropic,2024-10-22,GPQA Diamond,0.38,choice,0.03,https://logs.epoch.ai/inspect-viewer/c79c08da/viewer.html?log_file=https%3A%2F%2Flogs.epoch.ai%2Finspect_ai_logs%2FJpLxrpvthx7A75sbaHZ9Et.eval
Hermes-2-Theta-Llama-3-70B,Llama 3,Meta AI,2024-06-20,GPQA Diamond,0.37,choice,0.02,https://logs.epoch.ai/inspect-viewer/c79c08da/viewer.html?log_file=https%3A%2F%2Flogs.epoch.ai%2Finspect_ai_logs%2FDHdeZNynu4VtRp2VGkCGvd.eval
gemma-2-27b-it,gemma-2-27b-it,Google,2024-06-24,GPQA Diamond,0.36,choice,0.02,https://logs.epoch.ai/inspect-viewer/c79c08da/viewer.html?log_file=https%3A%2F%2Flogs.epoch.ai%2Finspect_ai_logs%2FZUJxsJDpHnLXxNiDcvj22W.eval
claude-3-haiku-20240307,claude-3-haiku,Anthropic,2024-03-07,GPQA Diamond,0.36,choice,0.02,https://logs.epoch.ai/inspect-viewer/c79c08da/viewer.html?log_file=https%3A%2F%2Flogs.epoch.ai%2Finspect_ai_logs%2FT3FWdCCWBryVjxwTcoY5bK.eval
claude-2.0,claude-2.0,Anthropic,2023-07-11,GPQA Diamond,0.35,choice,0.03,https://logs.epoch.ai/inspect-viewer/c79c08da/viewer.html?log_file=https%3A%2F%2Flogs.epoch.ai%2Finspect_ai_logs%2FmTa4f52zsEuxdrPy7WfQvX.eval
gemini-1.0-pro-001,gemini-1.0-pro-001,Google,2024-02-15,GPQA Diamond,0.34,choice,0.02,https://logs.epoch.ai/inspect-viewer/c79c08da/viewer.html?log_file=https%3A%2F%2Flogs.epoch.ai%2Finspect_ai_logs%2FibpS8bs4z3wD3Hb6F3kpdV.eval
open-mixtral-8x22b,open-mixtral-8x22b,Mistral AI,2024-04-17,GPQA Diamond,0.34,choice,0.02,https://logs.epoch.ai/inspect-viewer/c79c08da/viewer.html?log_file=https%3A%2F%2Flogs.epoch.ai%2Finspect_ai_logs%2FifAM3DJBdm5eU9Y2DjaEvW.eval
claude-2.1,claude-2.1,Anthropic,2023-11-21,GPQA Diamond,0.33,choice,0.02,https://logs.epoch.ai/inspect-viewer/c79c08da/viewer.html?log_file=https%3A%2F%2Flogs.epoch.ai%2Finspect_ai_logs%2FeMAisrJd7fAUHPfcPWXeXo.eval
gemini-1.5-flash-8b-001,Gemini 1.5 Flash,Google,2024-10-03,GPQA Diamond,0.33,choice,0.02,https://logs.epoch.ai/inspect-viewer/c79c08da/viewer.html?log_file=https%3A%2F%2Flogs.epoch.ai%2Finspect_ai_logs%2FgFT36W4KU3wggLQ9nNCctg.eval
gpt-4-0613,GPT-4,OpenAI,2023-06-13,GPQA Diamond,0.31,choice,0.02,https://logs.epoch.ai/inspect-viewer/c79c08da/viewer.html?log_file=https%3A%2F%2Flogs.epoch.ai%2Finspect_ai_logs%2Ffu7pWqbSC4MUBdwv3GFNa5.eval
Mixtral-8x7B-Instruct-v0.1,Mixtral-8x7B-Instruct-v0.1,Mistral AI,2023-12-11,GPQA Diamond,0.31,choice,0.02,https://logs.epoch.ai/inspect-viewer/c79c08da/viewer.html?log_file=https%3A%2F%2Flogs.epoch.ai%2Finspect_ai_logs%2FSn2qbB2HiySe7NcG28jnyM.eval
open-mixtral-8x7b,open-mixtral-8x7b,Mistral AI,2023-12-11,GPQA Diamond,0.3,choice,0.02,https://logs.epoch.ai/inspect-viewer/c79c08da/viewer.html?log_file=https%3A%2F%2Flogs.epoch.ai%2Finspect_ai_logs%2FY6KPSujFepdwqinKLf9mDF.eval
open-mistral-nemo-2407,Mistral,Mistral AI,2024-07-18,GPQA Diamond,0.3,choice,0.02,https://logs.epoch.ai/inspect-viewer/c79c08da/viewer.html?log_file=https%3A%2F%2Flogs.epoch.ai%2Finspect_ai_logs%2FXCSWtbDquA7FUiWfd7kh9q.eval
gpt-3.5-turbo-1106,GPT-3.5 Turbo,OpenAI,2023-11-06,GPQA Diamond,0.28,choice,0.02,https://logs.epoch.ai/inspect-viewer/c79c08da/viewer.html?log_file=https%3A%2F%2Flogs.epoch.ai%2Finspect_ai_logs%2FenhRcQmfN6RFB2zu7R3Uxr.eval
gemma-2-9b-it,gemma-2-9b-it,Google,2024-06-24,GPQA Diamond,0.27,choice,0.02,https://logs.epoch.ai/inspect-viewer/c79c08da/viewer.html?log_file=https%3A%2F%2Flogs.epoch.ai%2Finspect_ai_logs%2FfQjoHKyUEPAuwdrBGfL8SG.eval
gpt-3.5-turbo-0125,GPT-3.5 Turbo,OpenAI,2024-01-25,GPQA Diamond,0.27,choice,0.02,https://logs.epoch.ai/inspect-viewer/c79c08da/viewer.html?log_file=https%3A%2F%2Flogs.epoch.ai%2Finspect_ai_logs%2FeZaQhpbhbzbo3sbKGS5Efa.eval
ministral-8b-2410,ministral-8b-2410,Mistral AI,2024-10-16,GPQA Diamond,0.27,choice,0.02,https://logs.epoch.ai/inspect-viewer/c79c08da/viewer.html?log_file=https%3A%2F%2Flogs.epoch.ai%2Finspect_ai_logs%2FDGEzZA6nvTne4MEGSuo3Tm.eval
Llama-3.1-8B-Instruct,Llama 3.1,Meta AI,2024-07-23,GPQA Diamond,0.26,choice,0.02,https://logs.epoch.ai/inspect-viewer/c79c08da/viewer.html?log_file=https%3A%2F%2Flogs.epoch.ai%2Finspect_ai_logs%2FWWS3aotkrymLmBBDhhtvWQ.eval
Llama-2-70b-chat-hf,Llama 2,Meta AI,2023-07-18,GPQA Diamond,0.26,choice,0.02,https://logs.epoch.ai/inspect-viewer/c79c08da/viewer.html?log_file=https%3A%2F%2Flogs.epoch.ai%2Finspect_ai_logs%2FevPjJw9SKqq3TieSdxrSQn.eval
Meta-Llama-3-8B-Instruct,Llama 3,Meta AI,2024-04-18,GPQA Diamond,0.26,choice,0.02,https://logs.epoch.ai/inspect-viewer/c79c08da/viewer.html?log_file=https%3A%2F%2Flogs.epoch.ai%2Finspect_ai_logs%2FiT3BBFWjsZk2rKHKeJDsM8.eval
ministral-3b-2410,ministral-3b-2410,Mistral AI,2024-10-16,GPQA Diamond,0.25,choice,0.02,https://logs.epoch.ai/inspect-viewer/c79c08da/viewer.html?log_file=https%3A%2F%2Flogs.epoch.ai%2Finspect_ai_logs%2FbJV4D8SEo9zMJPEYTTXJNZ.eval
Mistral-7B-Instruct-v0.3,Mistral,Mistral AI,2024-05-27,GPQA Diamond,0.15,choice,0.01,https://logs.epoch.ai/inspect-viewer/c79c08da/viewer.html?log_file=https%3A%2F%2Flogs.epoch.ai%2Finspect_ai_logs%2FYbQkMPC2GtNLhxqTEhhVsa.eval
open-mistral-7b,Mistral,Mistral AI,2023-09-27,GPQA Diamond,0.13,choice,0.01,https://logs.epoch.ai/inspect-viewer/c79c08da/viewer.html?log_file=https%3A%2F%2Flogs.epoch.ai%2Finspect_ai_logs%2F5XuVuHeUDekHqjUy2P8gww.eval
gemini-2.5-pro-preview-05-06,Gemini 2.5 Pro Preview,Google,2025-05-06,Math Level 5,0.96,model_graded_equiv,0.0,
grok-3-mini-beta_low,Grok-3 mini (beta),xAI,2025-04-09,Math Level 5,0.91,model_graded_equiv,0.01,
gemini-2.5-pro-preview-03-25,Gemini 2.5 Pro Preview,Google,2025-04-09,Math Level 5,0.91,normalized_string_match,0.01,
claude-3-7-sonnet-20250219_32K,Claude 3.7 Sonnet,Anthropic,2025-02-24,Math Level 5,0.9,model_graded_equiv,0.01,
grok-3-mini-beta_high,Grok-3 mini (beta),xAI,2025-04-09,Math Level 5,0.88,model_graded_equiv,0.01,
o3-2025-04-16_high,O3 (high),OpenAI,2025-04-16,Math Level 5,0.86,normalized_string_match,0.01,
claude-opus-4-20250514,Claude Opus 4,Anthropic,2025-05-22,Math Level 5,0.85,model_graded_equiv,0.01,
o4-mini-2025-04-16_high,O4-mini (high),OpenAI,2025-04-16,Math Level 5,0.84,normalized_string_match,0.01,
claude-3-7-sonnet-20250219_64K,Claude 3.7 Sonnet,Anthropic,2025-02-24,Math Level 5,0.83,normalized_string_match,0.01,
gpt-4.1-2025-04-14,GPT-4.1,OpenAI,2025-04-14,Math Level 5,0.83,model_graded_equiv,0.01,
o1-mini-2024-09-12_high,O1-mini (high),OpenAI,2024-09-12,Math Level 5,0.82,normalized_string_match,0.01,
gpt-4.1-mini-2025-04-14,GPT-4.1 Mini,OpenAI,2025-04-14,Math Level 5,0.81,normalized_string_match,0.01,
o3-mini-2025-01-31_high,O3-mini (high),OpenAI,2025-01-31,Math Level 5,0.8,normalized_string_match,0.01,
gemini-2.0-flash-001,Gemini 2.0 Flash,Google,2025-02-05,Math Level 5,0.79,normalized_string_match,0.01,
gemini-2.0-pro-exp-02-05,Gemini 2.0,Google,2025-02-05,Math Level 5,0.79,normalized_string_match,0.01,
claude-sonnet-4-20250514,Claude Sonnet 4,Anthropic,2025-05-22,Math Level 5,0.79,normalized_string_match,0.01,
o1-mini-2024-09-12_medium,O1-mini (medium),OpenAI,2024-09-12,Math Level 5,0.78,normalized_string_match,0.01,
o1-2024-12-17_medium,O1 (medium),OpenAI,2024-12-17,Math Level 5,0.78,normalized_string_match,0.01,
o3-mini-2025-01-31_medium,O3-mini (medium),OpenAI,2025-01-31,Math Level 5,0.78,normalized_string_match,0.01,
o1-2024-12-17_high,O1 (high),OpenAI,2024-12-17,Math Level 5,0.78,normalized_string_match,0.01,
claude-3-7-sonnet-20250219_16K,Claude 3.7 Sonnet (16k thinking),Anthropic,2025-02-24,Math Level 5,0.78,normalized_string_match,0.01,
grok-3-beta,Grok-3 (beta),xAI,2025-04-09,Math Level 5,0.78,normalized_string_match,0.01,
mistral-medium-2505,Mistral Medium,Mistral AI,2025-05-07,Math Level 5,0.77,normalized_string_match,0.01,
gemma-3-27b-it,gemma-3-27b-it,Google,2025-03-12,Math Level 5,0.74,model_graded_equiv,0.01,
Llama-4-Maverick-17B-128E-Instruct-FP8,Llama 4,Meta AI,2025-04-05,Math Level 5,0.73,model_graded_equiv,0.01,
gpt-4.5-preview-2025-02-27,GPT-4,OpenAI,2025-02-27,Math Level 5,0.72,normalized_string_match,0.01,
gpt-4.1-nano-2025-04-14,GPT-4.1,OpenAI,2025-04-14,Math Level 5,0.7,model_graded_equiv,0.01,
o1-preview-2024-09-12,O1,OpenAI,2024-09-12,Math Level 5,0.68,normalized_string_match,0.01,
gemini-1.5-pro-002,Gemini 1.5 Pro,Google,2024-09-24,Math Level 5,0.67,normalized_string_match,0.01,
claude-3-7-sonnet-20250219,Claude 3.7 Sonnet,Anthropic,2025-02-24,Math Level 5,0.61,normalized_string_match,0.01,
gemini-1.5-flash-002,Gemini 1.5 Flash,Google,2024-09-24,Math Level 5,0.6,normalized_string_match,0.01,
grok-2-1212,Grok-2,xAI,2024-12-12,Math Level 5,0.6,normalized_string_match,0.01,
Llama-4-Scout-17B-16E-Instruct,Llama 4,Meta AI,2025-04-05,Math Level 5,0.6,normalized_string_match,0.01,
claude-3-5-sonnet-20241022,Claude 3.5 Sonnet,Anthropic,2024-10-22,Math Level 5,0.57,model_graded_equiv,0.01,
gemini-2.5-flash-preview-05-20,gemini-2.5-flash-preview-05-20,Google,2025-05-20,Math Level 5,0.52,normalized_string_match,0.01,
gpt-4o-2024-05-13,GPT-4o,OpenAI,2024-05-13,Math Level 5,0.51,model_graded_equiv,0.01,
gpt-4o-2024-08-06,GPT-4o,OpenAI,2024-08-06,Math Level 5,0.49,normalized_string_match,0.01,
gpt-4o-mini-2024-07-18,GPT-4o mini,OpenAI,2024-07-18,Math Level 5,0.48,normalized_string_match,0.01,
Llama-3.1-405B-Instruct,Llama 3.1,Meta AI,2024-07-23,Math Level 5,0.47,normalized_string_match,0.01,
mistral-large-2411,Mistral Large,Mistral AI,2024-11-18,Math Level 5,0.47,normalized_string_match,0.01,
gpt-4o-2024-11-20,GPT-4o,OpenAI,2024-11-20,Math Level 5,0.45,normalized_string_match,0.01,
mistral-small-2503,Mistral Small,Mistral AI,2025-03-17,Math Level 5,0.45,normalized_string_match,0.01,
claude-3-5-sonnet-20240620,Claude 3.5 Sonnet,Anthropic,2024-06-20,Math Level 5,0.44,normalized_string_match,0.01,
gpt-4-turbo-2024-04-09,GPT-4 Turbo,OpenAI,2024-04-09,Math Level 5,0.44,normalized_string_match,0.01,
mistral-small-2501,Mistral Small,Mistral AI,2025-01-25,Math Level 5,0.43,normalized_string_match,0.01,
claude-3-5-haiku-20241022,Claude 3.5 Haiku,Anthropic,2024-10-22,Math Level 5,0.42,normalized_string_match,0.01,
mistral-large-2407,Mistral Large,Mistral AI,2024-06-24,Math Level 5,0.41,normalized_string_match,0.01,
Llama-3.3-70B-Instruct,Llama 3.3,Meta AI,2024-12-06,Math Level 5,0.41,normalized_string_match,0.01,
gpt-4-1106-preview,GPT-4,OpenAI,2023-11-06,Math Level 5,0.4,model_graded_equiv,0.01,
Llama-3.1-Tulu-3-70B-DPO,Llama 3.1,Meta AI,2024-11-21,Math Level 5,0.39,normalized_string_match,0.01,
gemini-1.5-pro-001,Gemini 1.5 Pro,Google,2024-05-24,Math Level 5,0.38,normalized_string_match,0.01,
claude-3-opus-20240229,claude-3-opus,Anthropic,2024-02-29,Math Level 5,0.35,normalized_string_match,0.01,
Llama-3.2-90B-Vision-Instruct,Llama 3.2,Meta AI,2024-09-24,Math Level 5,0.35,normalized_string_match,0.01,
Llama-3.1-70B-Instruct,Llama 3.1,Meta AI,2024-07-23,Math Level 5,0.34,normalized_string_match,0.01,
gpt-4-0125-preview,GPT-4,OpenAI,2024-01-25,Math Level 5,0.33,normalized_string_match,0.01,
gemini-1.5-flash-001,Gemini 1.5 Flash,Google,2024-05-23,Math Level 5,0.24,normalized_string_match,0.01,
gemma-2-27b-it,gemma-2-27b-it,Google,2024-06-24,Math Level 5,0.24,normalized_string_match,0.01,
gpt-4-0613,GPT-4,OpenAI,2023-06-13,Math Level 5,0.23,model_graded_equiv,0.01,
open-mixtral-8x22b,open-mixtral-8x22b,Mistral AI,2024-04-17,Math Level 5,0.22,normalized_string_match,0.01,
Llama-3.1-8B-Instruct,Llama 3.1,Meta AI,2024-07-23,Math Level 5,0.21,normalized_string_match,0.01,
Meta-Llama-3-70B-Instruct,Llama 3,Meta AI,2024-04-18,Math Level 5,0.21,normalized_string_match,0.01,
gemma-2-9b-it,gemma-2-9b-it,Google,2024-06-24,Math Level 5,0.21,model_graded_equiv,0.01,
mistral-large-2402,Mistral Large,Mistral AI,2024-02-26,Math Level 5,0.21,normalized_string_match,0.01,
Hermes-2-Theta-Llama-3-70B,Llama 3,Meta AI,2024-06-20,Math Level 5,0.2,normalized_string_match,0.01,
claude-3-sonnet-20240229,claude-3-sonnet,Anthropic,2024-02-29,Math Level 5,0.15,normalized_string_match,0.01,
ministral-8b-2410,ministral-8b-2410,Mistral AI,2024-10-16,Math Level 5,0.15,model_graded_equiv,0.01,
gpt-3.5-turbo-1106,GPT-3.5 Turbo,OpenAI,2023-11-06,Math Level 5,0.14,normalized_string_match,0.01,
claude-3-haiku-20240307,claude-3-haiku,Anthropic,2024-03-07,Math Level 5,0.13,normalized_string_match,0.01,
ministral-3b-2410,ministral-3b-2410,Mistral AI,2024-10-16,Math Level 5,0.13,normalized_string_match,0.01,
gpt-3.5-turbo-0125,GPT-3.5 Turbo,OpenAI,2024-01-25,Math Level 5,0.1,normalized_string_match,0.0,
claude-2.0,claude-2.0,Anthropic,2023-07-11,Math Level 5,0.1,normalized_string_match,0.01,
gemini-1.0-pro-001,gemini-1.0-pro-001,Google,2024-02-15,Math Level 5,0.1,normalized_string_match,0.01,
open-mistral-nemo-2407,Mistral,Mistral AI,2024-07-18,Math Level 5,0.1,normalized_string_match,0.01,
open-mixtral-8x7b,open-mixtral-8x7b,Mistral AI,2023-12-11,Math Level 5,0.1,model_graded_equiv,0.01,
Mixtral-8x7B-Instruct-v0.1,Mixtral-8x7B-Instruct-v0.1,Mistral AI,2023-12-11,Math Level 5,0.07,normalized_string_match,0.0,
Meta-Llama-3-8B-Instruct,Llama 3,Meta AI,2024-04-18,Math Level 5,0.04,normalized_string_match,0.0,
Llama-2-70b-chat-hf,Llama 2,Meta AI,2023-07-18,Math Level 5,0.02,normalized_string_match,0.0,
Mistral-7B-Instruct-v0.3,Mistral,Mistral AI,2024-05-27,Math Level 5,0.02,normalized_string_match,0.0,
open-mistral-7b,Mistral,Mistral AI,2023-09-27,Math Level 5,0.02,normalized_string_match,0.0,
o3-2025-04-16_high,O3 (high),OpenAI,2025-04-16,OTIS Mock Aime 2024-2025,0.84,model_graded,0.04,https://logs.epoch.ai/inspect-viewer/c79c08da/viewer.html?log_file=https%3A%2F%2Flogs.epoch.ai%2Finspect_ai_logs%2F6anLU9CfBBNQkWyJG2GDCa.eval
o4-mini-2025-04-16_high,O4-mini (high),OpenAI,2025-04-16,OTIS Mock Aime 2024-2025,0.82,model_graded,0.05,https://logs.epoch.ai/inspect-viewer/c79c08da/viewer.html?log_file=https%3A%2F%2Flogs.epoch.ai%2Finspect_ai_logs%2FTVsxkJ8ZyfMVmVx88Qq3KN.eval
grok-3-mini-beta_high,Grok-3 mini (beta),xAI,2025-04-09,OTIS Mock Aime 2024-2025,0.78,model_graded,0.06,https://logs.epoch.ai/inspect-viewer/c79c08da/viewer.html?log_file=https%3A%2F%2Flogs.epoch.ai%2Finspect_ai_logs%2FfPtize44vDPcDAzMFuAurw.eval
o3-mini-2025-01-31_high,O3-mini (high),OpenAI,2025-01-31,OTIS Mock Aime 2024-2025,0.77,model_graded,0.05,https://logs.epoch.ai/inspect-viewer/c79c08da/viewer.html?log_file=https%3A%2F%2Flogs.epoch.ai%2Finspect_ai_logs%2FMjx6vYbgAb2DHXK8xcupX8.eval
o1-2024-12-17_medium,O1 (medium),OpenAI,2024-12-17,OTIS Mock Aime 2024-2025,0.73,model_graded,0.07,https://logs.epoch.ai/inspect-viewer/c79c08da/viewer.html?log_file=https%3A%2F%2Flogs.epoch.ai%2Finspect_ai_logs%2FKvcqycaJpCQMBigiEosyzC.eval
gemini-2.5-flash-preview-04-17,gemini-2.5-flash-preview-04-17,Google,2025-04-17,OTIS Mock Aime 2024-2025,0.73,model_graded,0.06,https://logs.epoch.ai/inspect-viewer/c79c08da/viewer.html?log_file=https%3A%2F%2Flogs.epoch.ai%2Finspect_ai_logs%2FKpZYG5nvdJ6QYweLz6dn5a.eval
gemini-2.5-flash-preview-05-20,gemini-2.5-flash-preview-05-20,Google,2025-05-20,OTIS Mock Aime 2024-2025,0.71,model_graded,0.06,https://logs.epoch.ai/inspect-viewer/c79c08da/viewer.html?log_file=https%3A%2F%2Flogs.epoch.ai%2Finspect_ai_logs%2F9e62UjoHQbcZD2xjgfRkdK.eval
claude-sonnet-4-20250514_32K,Claude Sonnet 4,Anthropic,2025-05-22,OTIS Mock Aime 2024-2025,0.71,model_graded,0.07,https://logs.epoch.ai/inspect-viewer/c79c08da/viewer.html?log_file=https%3A%2F%2Flogs.epoch.ai%2Finspect_ai_logs%2FFZHzYjwAQexVykNQTnRtwT.eval
claude-sonnet-4-20250514_59K,Claude Sonnet 4,Anthropic,2025-05-22,OTIS Mock Aime 2024-2025,0.69,model_graded,0.07,https://logs.epoch.ai/inspect-viewer/c79c08da/viewer.html?log_file=https%3A%2F%2Flogs.epoch.ai%2Finspect_ai_logs%2Fg8qaq3s2TJqfvrskHYmapM.eval
o3-mini-2025-01-31_medium,O3-mini (medium),OpenAI,2025-01-31,OTIS Mock Aime 2024-2025,0.64,model_graded,0.06,https://logs.epoch.ai/inspect-viewer/c79c08da/viewer.html?log_file=https%3A%2F%2Flogs.epoch.ai%2Finspect_ai_logs%2FajytUBY9bDPNNxuBfi5UBS.eval
claude-opus-4-20250514_27K,Claude Opus 4,Anthropic,2025-05-22,OTIS Mock Aime 2024-2025,0.64,model_graded,0.07,https://logs.epoch.ai/inspect-viewer/c79c08da/viewer.html?log_file=https%3A%2F%2Flogs.epoch.ai%2Finspect_ai_logs%2FVrRccga4uRVuCjNp637MeY.eval
grok-3-mini-beta_low,Grok-3 mini (beta),xAI,2025-04-09,OTIS Mock Aime 2024-2025,0.62,model_graded,0.07,https://logs.epoch.ai/inspect-viewer/c79c08da/viewer.html?log_file=https%3A%2F%2Flogs.epoch.ai%2Finspect_ai_logs%2FTTmhagb2ovbi7GJnDxEfrj.eval
claude-opus-4-20250514_16K,Claude Opus 4,Anthropic,2025-05-22,OTIS Mock Aime 2024-2025,0.6,model_graded,0.07,https://logs.epoch.ai/inspect-viewer/c79c08da/viewer.html?log_file=https%3A%2F%2Flogs.epoch.ai%2Finspect_ai_logs%2FXz2F28L5k8HFNfY7Lo8Ggw.eval
gemini-2.0-flash-thinking-exp-01-21,Gemini 2.0 Flash Thinking,Google,2025-01-21,OTIS Mock Aime 2024-2025,0.58,model_graded,0.07,https://logs.epoch.ai/inspect-viewer/c79c08da/viewer.html?log_file=https%3A%2F%2Flogs.epoch.ai%2Finspect_ai_logs%2FcXz2gsCmGYSvQ6Ey4LDiN7.eval
claude-3-7-sonnet-20250219_64K,Claude 3.7 Sonnet,Anthropic,2025-02-24,OTIS Mock Aime 2024-2025,0.58,model_graded,0.07,https://logs.epoch.ai/inspect-viewer/c79c08da/viewer.html?log_file=https%3A%2F%2Flogs.epoch.ai%2Finspect_ai_logs%2FQW3FUBn5qtAFEX4oQuzEAV.eval
grok-3-beta,Grok-3 (beta),xAI,2025-04-09,OTIS Mock Aime 2024-2025,0.56,model_graded,0.07,https://logs.epoch.ai/inspect-viewer/c79c08da/viewer.html?log_file=https%3A%2F%2Flogs.epoch.ai%2Finspect_ai_logs%2FDKTzh9kSoipZGkDsC4NGf3.eval
claude-3-7-sonnet-20250219_32K,Claude 3.7 Sonnet,Anthropic,2025-02-24,OTIS Mock Aime 2024-2025,0.53,model_graded,0.08,https://logs.epoch.ai/inspect-viewer/c79c08da/viewer.html?log_file=https%3A%2F%2Flogs.epoch.ai%2Finspect_ai_logs%2FdSuGgEbnQErengjEboPn62.eval
claude-sonnet-4-20250514_16K,Claude Sonnet 4,Anthropic,2025-05-22,OTIS Mock Aime 2024-2025,0.53,model_graded,0.08,https://logs.epoch.ai/inspect-viewer/c79c08da/viewer.html?log_file=https%3A%2F%2Flogs.epoch.ai%2Finspect_ai_logs%2FnDrnRwsADSyj8U6BD4in4r.eval
claude-3-7-sonnet-20250219_16K,Claude 3.7 Sonnet (16k thinking),Anthropic,2025-02-24,OTIS Mock Aime 2024-2025,0.47,model_graded,0.08,https://logs.epoch.ai/inspect-viewer/c79c08da/viewer.html?log_file=https%3A%2F%2Flogs.epoch.ai%2Finspect_ai_logs%2F64LAJymM6eXDkRZb92Mdg8.eval
o1-mini-2024-09-12_high,O1-mini (high),OpenAI,2024-09-12,OTIS Mock Aime 2024-2025,0.47,model_graded,0.06,https://logs.epoch.ai/inspect-viewer/c79c08da/viewer.html?log_file=https%3A%2F%2Flogs.epoch.ai%2Finspect_ai_logs%2F9zhPZLvNeUPQ7JBSpTwKPp.eval
o1-mini-2024-09-12_medium,O1-mini (medium),OpenAI,2024-09-12,OTIS Mock Aime 2024-2025,0.45,model_graded,0.06,https://logs.epoch.ai/inspect-viewer/c79c08da/viewer.html?log_file=https%3A%2F%2Flogs.epoch.ai%2Finspect_ai_logs%2FQUTfpiKjphedrKg8H6fGzF.eval
gpt-4.1-mini-2025-04-14,GPT-4.1 Mini,OpenAI,2025-04-14,OTIS Mock Aime 2024-2025,0.45,model_graded,0.06,https://logs.epoch.ai/inspect-viewer/c79c08da/viewer.html?log_file=https%3A%2F%2Flogs.epoch.ai%2Finspect_ai_logs%2FcXbbdQDW2jeYassmRuZYpU.eval
claude-opus-4-20250514,Claude Opus 4,Anthropic,2025-05-22,OTIS Mock Aime 2024-2025,0.42,model_graded,0.07,https://logs.epoch.ai/inspect-viewer/c79c08da/viewer.html?log_file=https%3A%2F%2Flogs.epoch.ai%2Finspect_ai_logs%2FaCbfcxGpLpPc9XkZNcuF4o.eval
gpt-4.5-preview-2025-02-27,GPT-4,OpenAI,2025-02-27,OTIS Mock Aime 2024-2025,0.38,model_graded,0.07,https://logs.epoch.ai/inspect-viewer/c79c08da/viewer.html?log_file=https%3A%2F%2Flogs.epoch.ai%2Finspect_ai_logs%2F9DCJMt7YsTMDenTdX4Db6V.eval
gpt-4.1-2025-04-14,GPT-4.1,OpenAI,2025-04-14,OTIS Mock Aime 2024-2025,0.38,model_graded,0.06,https://logs.epoch.ai/inspect-viewer/c79c08da/viewer.html?log_file=https%3A%2F%2Flogs.epoch.ai%2Finspect_ai_logs%2FVAQtARXUPTpdxGKMekUSbX.eval
mistral-medium-2505,Mistral Medium,Mistral AI,2025-05-07,OTIS Mock Aime 2024-2025,0.32,model_graded,0.06,https://logs.epoch.ai/inspect-viewer/c79c08da/viewer.html?log_file=https%3A%2F%2Flogs.epoch.ai%2Finspect_ai_logs%2FQWw65xeTn8x42SymMsVREN.eval
gemini-2.0-flash-001,Gemini 2.0 Flash,Google,2025-02-05,OTIS Mock Aime 2024-2025,0.31,model_graded,0.06,https://logs.epoch.ai/inspect-viewer/c79c08da/viewer.html?log_file=https%3A%2F%2Flogs.epoch.ai%2Finspect_ai_logs%2FZnGSRrKbiEnuju4kk4sgVb.eval
o1-preview-2024-09-12,O1,OpenAI,2024-09-12,OTIS Mock Aime 2024-2025,0.31,model_graded,0.07,https://logs.epoch.ai/inspect-viewer/c79c08da/viewer.html?log_file=https%3A%2F%2Flogs.epoch.ai%2Finspect_ai_logs%2FCprjaj9JQ9MY5NCXqeQR5H.eval
magistral-small-2506,magistral-small-2506,Mistral AI,2025-06-10,OTIS Mock Aime 2024-2025,0.3,model_graded,0.06,https://logs.epoch.ai/inspect-viewer/c79c08da/viewer.html?log_file=https%3A%2F%2Flogs.epoch.ai%2Finspect_ai_logs%2FmJsWT3i6UHaxDmyy8vEDqq.eval
gpt-4.1-nano-2025-04-14,GPT-4.1,OpenAI,2025-04-14,OTIS Mock Aime 2024-2025,0.29,model_graded,0.06,https://logs.epoch.ai/inspect-viewer/c79c08da/viewer.html?log_file=https%3A%2F%2Flogs.epoch.ai%2Finspect_ai_logs%2F3qLHwibDhgtWEbKGwxUYVa.eval
claude-sonnet-4-20250514,Claude Sonnet 4,Anthropic,2025-05-22,OTIS Mock Aime 2024-2025,0.29,model_graded,0.07,https://logs.epoch.ai/inspect-viewer/c79c08da/viewer.html?log_file=https%3A%2F%2Flogs.epoch.ai%2Finspect_ai_logs%2FUa8sCkk3R3mBLWeSnnPG7a.eval
gemini-1.5-pro-002,Gemini 1.5 Pro,Google,2024-09-24,OTIS Mock Aime 2024-2025,0.23,model_graded,0.05,https://logs.epoch.ai/inspect-viewer/c79c08da/viewer.html?log_file=https%3A%2F%2Flogs.epoch.ai%2Finspect_ai_logs%2FfhCdyX9uUS4WPtjLiVdBdK.eval
claude-3-7-sonnet-20250219,Claude 3.7 Sonnet,Anthropic,2025-02-24,OTIS Mock Aime 2024-2025,0.22,model_graded,0.05,https://logs.epoch.ai/inspect-viewer/c79c08da/viewer.html?log_file=https%3A%2F%2Flogs.epoch.ai%2Finspect_ai_logs%2FN2NcmgmHyGJ9HNmQe5yvcS.eval
Llama-4-Maverick-17B-128E-Instruct-FP8,Llama 4,Meta AI,2025-04-05,OTIS Mock Aime 2024-2025,0.21,model_graded,0.05,https://logs.epoch.ai/inspect-viewer/c79c08da/viewer.html?log_file=https%3A%2F%2Flogs.epoch.ai%2Finspect_ai_logs%2FGJEpPThqUxXJBSbvkuXVnw.eval
gemma-3-27b-it,gemma-3-27b-it,Google,2025-03-12,OTIS Mock Aime 2024-2025,0.2,model_graded,0.05,https://logs.epoch.ai/inspect-viewer/c79c08da/viewer.html?log_file=https%3A%2F%2Flogs.epoch.ai%2Finspect_ai_logs%2FA3ZGeCNhHMp55ZjtRtCGVB.eval
gemini-1.5-flash-002,Gemini 1.5 Flash,Google,2024-09-24,OTIS Mock Aime 2024-2025,0.16,model_graded,0.04,https://logs.epoch.ai/inspect-viewer/c79c08da/viewer.html?log_file=https%3A%2F%2Flogs.epoch.ai%2Finspect_ai_logs%2FQdGZ2m52PWt3EkLPbcoRwz.eval
grok-2-1212,Grok-2,xAI,2024-12-12,OTIS Mock Aime 2024-2025,0.12,model_graded,0.03,https://logs.epoch.ai/inspect-viewer/c79c08da/viewer.html?log_file=https%3A%2F%2Flogs.epoch.ai%2Finspect_ai_logs%2FPpSVDb67Ucbxpcd8JQv5ii.eval
Llama-3.1-405B-Instruct,Llama 3.1,Meta AI,2024-07-23,OTIS Mock Aime 2024-2025,0.1,model_graded,0.03,https://logs.epoch.ai/inspect-viewer/c79c08da/viewer.html?log_file=https%3A%2F%2Flogs.epoch.ai%2Finspect_ai_logs%2F2fQJP3brRApfBdQq7Zy3bm.eval
mistral-large-2407,Mistral Large,Mistral AI,2024-06-24,OTIS Mock Aime 2024-2025,0.08,model_graded,0.02,https://logs.epoch.ai/inspect-viewer/c79c08da/viewer.html?log_file=https%3A%2F%2Flogs.epoch.ai%2Finspect_ai_logs%2FbHLfPfZj8HgD9Gef75NtrM.eval
claude-3-5-sonnet-20241022,Claude 3.5 Sonnet,Anthropic,2024-10-22,OTIS Mock Aime 2024-2025,0.08,model_graded,0.03,https://logs.epoch.ai/inspect-viewer/c79c08da/viewer.html?log_file=https%3A%2F%2Flogs.epoch.ai%2Finspect_ai_logs%2FgeVVaRWxuprKUqnW2VzvCa.eval
mistral-large-2411,Mistral Large,Mistral AI,2024-11-18,OTIS Mock Aime 2024-2025,0.08,model_graded,0.02,https://logs.epoch.ai/inspect-viewer/c79c08da/viewer.html?log_file=https%3A%2F%2Flogs.epoch.ai%2Finspect_ai_logs%2FbeRGgJXTJggTi8PPEZNoZ5.eval
Llama-4-Scout-17B-16E-Instruct,Llama 4,Meta AI,2025-04-05,OTIS Mock Aime 2024-2025,0.08,model_graded,0.03,https://logs.epoch.ai/inspect-viewer/c79c08da/viewer.html?log_file=https%3A%2F%2Flogs.epoch.ai%2Finspect_ai_logs%2FT3X5DeC47iqCaoRYXu5k8L.eval
claude-3-5-sonnet-20240620,Claude 3.5 Sonnet,Anthropic,2024-06-20,OTIS Mock Aime 2024-2025,0.07,model_graded,0.02,https://logs.epoch.ai/inspect-viewer/c79c08da/viewer.html?log_file=https%3A%2F%2Flogs.epoch.ai%2Finspect_ai_logs%2F2xNPhKLsiWLHQBLLDGU4VJ.eval
gemini-1.5-pro-001,Gemini 1.5 Pro,Google,2024-05-24,OTIS Mock Aime 2024-2025,0.07,model_graded,0.02,https://logs.epoch.ai/inspect-viewer/c79c08da/viewer.html?log_file=https%3A%2F%2Flogs.epoch.ai%2Finspect_ai_logs%2F3S6fjGAMKWKK3zcdxkmh9H.eval
gpt-4-turbo-2024-04-09,GPT-4 Turbo,OpenAI,2024-04-09,OTIS Mock Aime 2024-2025,0.07,model_graded,0.02,https://logs.epoch.ai/inspect-viewer/c79c08da/viewer.html?log_file=https%3A%2F%2Flogs.epoch.ai%2Finspect_ai_logs%2FMZABVPEY8VCPAyCZ4iir68.eval
gpt-4o-2024-11-20,GPT-4o,OpenAI,2024-11-20,OTIS Mock Aime 2024-2025,0.06,model_graded,0.02,https://logs.epoch.ai/inspect-viewer/c79c08da/viewer.html?log_file=https%3A%2F%2Flogs.epoch.ai%2Finspect_ai_logs%2FbuNVL2TWcdVgxAcMfVE8xJ.eval
gpt-4o-2024-05-13,GPT-4o,OpenAI,2024-05-13,OTIS Mock Aime 2024-2025,0.06,model_graded,0.02,https://logs.epoch.ai/inspect-viewer/c79c08da/viewer.html?log_file=https%3A%2F%2Flogs.epoch.ai%2Finspect_ai_logs%2F9cCn5aW522cTRxJSE69crm.eval
gpt-4o-2024-08-06,GPT-4o,OpenAI,2024-08-06,OTIS Mock Aime 2024-2025,0.06,model_graded,0.03,https://logs.epoch.ai/inspect-viewer/c79c08da/viewer.html?log_file=https%3A%2F%2Flogs.epoch.ai%2Finspect_ai_logs%2FmBUKqiVQsqXd3qmdtKP5UP.eval
mistral-small-2503,Mistral Small,Mistral AI,2025-03-17,OTIS Mock Aime 2024-2025,0.06,model_graded,0.02,https://logs.epoch.ai/inspect-viewer/c79c08da/viewer.html?log_file=https%3A%2F%2Flogs.epoch.ai%2Finspect_ai_logs%2FJxqtHWrwCtYoQYBB3jVqB9.eval
claude-3-opus-20240229,claude-3-opus,Anthropic,2024-02-29,OTIS Mock Aime 2024-2025,0.05,model_graded,0.02,https://logs.epoch.ai/inspect-viewer/c79c08da/viewer.html?log_file=https%3A%2F%2Flogs.epoch.ai%2Finspect_ai_logs%2FmYb9MGQD39RS8VdDyMqujr.eval
gemini-1.5-flash-8b-001,Gemini 1.5 Flash,Google,2024-10-03,OTIS Mock Aime 2024-2025,0.05,model_graded,0.02,https://logs.epoch.ai/inspect-viewer/c79c08da/viewer.html?log_file=https%3A%2F%2Flogs.epoch.ai%2Finspect_ai_logs%2FjGY5Ee5P9dyStA4Fw5Pa6q.eval
Llama-3.3-70B-Instruct,Llama 3.3,Meta AI,2024-12-06,OTIS Mock Aime 2024-2025,0.05,model_graded,0.02,https://logs.epoch.ai/inspect-viewer/c79c08da/viewer.html?log_file=https%3A%2F%2Flogs.epoch.ai%2Finspect_ai_logs%2FZjsXQpZ7SsejXDo52aetZZ.eval
mistral-small-2501,Mistral Small,Mistral AI,2025-01-25,OTIS Mock Aime 2024-2025,0.05,model_graded,0.03,https://logs.epoch.ai/inspect-viewer/c79c08da/viewer.html?log_file=https%3A%2F%2Flogs.epoch.ai%2Finspect_ai_logs%2Fb4vEwq8UVmGmAKh4eqp6G3.eval
gemini-1.5-flash-001,Gemini 1.5 Flash,Google,2024-05-23,OTIS Mock Aime 2024-2025,0.04,model_graded,0.01,https://logs.epoch.ai/inspect-viewer/c79c08da/viewer.html?log_file=https%3A%2F%2Flogs.epoch.ai%2Finspect_ai_logs%2FU9GVBhYjRzU55YVjna5mMT.eval
claude-3-5-haiku-20241022,Claude 3.5 Haiku,Anthropic,2024-10-22,OTIS Mock Aime 2024-2025,0.04,model_graded,0.02,https://logs.epoch.ai/inspect-viewer/c79c08da/viewer.html?log_file=https%3A%2F%2Flogs.epoch.ai%2Finspect_ai_logs%2FcqhrR5KnwpcuAVpHkZGQFd.eval
Llama-3.1-70B-Instruct,Llama 3.1,Meta AI,2024-07-23,OTIS Mock Aime 2024-2025,0.04,model_graded,0.02,https://logs.epoch.ai/inspect-viewer/c79c08da/viewer.html?log_file=https%3A%2F%2Flogs.epoch.ai%2Finspect_ai_logs%2FX2tQXGELXtEbc2VX6gARd7.eval
Meta-Llama-3-70B-Instruct,Llama 3,Meta AI,2024-04-18,OTIS Mock Aime 2024-2025,0.04,model_graded,0.02,https://logs.epoch.ai/inspect-viewer/c79c08da/viewer.html?log_file=https%3A%2F%2Flogs.epoch.ai%2Finspect_ai_logs%2F6RD3A6J432TZzxrKYRxph2.eval
Llama-3.1-Tulu-3-70B-DPO,Llama 3.1,Meta AI,2024-11-21,OTIS Mock Aime 2024-2025,0.04,model_graded,0.02,https://logs.epoch.ai/inspect-viewer/c79c08da/viewer.html?log_file=https%3A%2F%2Flogs.epoch.ai%2Finspect_ai_logs%2FFGcofc566CradiNmHUGqVB.eval
Llama-3.1-8B-Instruct,Llama 3.1,Meta AI,2024-07-23,OTIS Mock Aime 2024-2025,0.03,model_graded,0.02,https://logs.epoch.ai/inspect-viewer/c79c08da/viewer.html?log_file=https%3A%2F%2Flogs.epoch.ai%2Finspect_ai_logs%2F6SY8iSf5uKn7SrCzzrabPb.eval
claude-3-sonnet-20240229,claude-3-sonnet,Anthropic,2024-02-29,OTIS Mock Aime 2024-2025,0.03,model_graded,0.02,https://logs.epoch.ai/inspect-viewer/c79c08da/viewer.html?log_file=https%3A%2F%2Flogs.epoch.ai%2Finspect_ai_logs%2FAeRCEiG87bMFpxbxbmjCyn.eval
Llama-3.2-90B-Vision-Instruct,Llama 3.2,Meta AI,2024-09-24,OTIS Mock Aime 2024-2025,0.03,model_graded,0.01,https://logs.epoch.ai/inspect-viewer/c79c08da/viewer.html?log_file=https%3A%2F%2Flogs.epoch.ai%2Finspect_ai_logs%2FLHRL6nQJZXGJmYppR7kbGw.eval
claude-2.0,claude-2.0,Anthropic,2023-07-11,OTIS Mock Aime 2024-2025,0.03,model_graded,0.02,https://logs.epoch.ai/inspect-viewer/c79c08da/viewer.html?log_file=https%3A%2F%2Flogs.epoch.ai%2Finspect_ai_logs%2F7LLTmqs4LC5GLVfJEqJWSC.eval
Hermes-2-Theta-Llama-3-70B,Llama 3,Meta AI,2024-06-20,OTIS Mock Aime 2024-2025,0.03,model_graded,0.01,https://logs.epoch.ai/inspect-viewer/c79c08da/viewer.html?log_file=https%3A%2F%2Flogs.epoch.ai%2Finspect_ai_logs%2F63MnE4e4AXvbQ585MaWTFv.eval
claude-3-haiku-20240307,claude-3-haiku,Anthropic,2024-03-07,OTIS Mock Aime 2024-2025,0.02,model_graded,0.01,https://logs.epoch.ai/inspect-viewer/c79c08da/viewer.html?log_file=https%3A%2F%2Flogs.epoch.ai%2Finspect_ai_logs%2FThMd6DNDTtyWxhPcb9Kq4y.eval
mistral-large-2402,Mistral Large,Mistral AI,2024-02-26,OTIS Mock Aime 2024-2025,0.02,model_graded,0.01,https://logs.epoch.ai/inspect-viewer/c79c08da/viewer.html?log_file=https%3A%2F%2Flogs.epoch.ai%2Finspect_ai_logs%2FZVHvk3GTPUNTgjc5w3vkhW.eval
claude-2.1,claude-2.1,Anthropic,2023-11-21,OTIS Mock Aime 2024-2025,0.02,model_graded,0.01,https://logs.epoch.ai/inspect-viewer/c79c08da/viewer.html?log_file=https%3A%2F%2Flogs.epoch.ai%2Finspect_ai_logs%2F2vg9qw9pd8zSyRMu9YNiVm.eval
Meta-Llama-3-8B-Instruct,Llama 3,Meta AI,2024-04-18,OTIS Mock Aime 2024-2025,0.01,model_graded,0.01,https://logs.epoch.ai/inspect-viewer/c79c08da/viewer.html?log_file=https%3A%2F%2Flogs.epoch.ai%2Finspect_ai_logs%2F7P5HLaaD6DBjNYFx7o6Jma.eval
gemini-1.0-pro-001,gemini-1.0-pro-001,Google,2024-02-15,OTIS Mock Aime 2024-2025,0.01,model_graded,0.01,https://logs.epoch.ai/inspect-viewer/c79c08da/viewer.html?log_file=https%3A%2F%2Flogs.epoch.ai%2Finspect_ai_logs%2FNpJvYQDcmwbGgS5MzZUPUg.eval
gemma-2-9b-it,gemma-2-9b-it,Google,2024-06-24,OTIS Mock Aime 2024-2025,0.01,model_graded,0.0,https://logs.epoch.ai/inspect-viewer/c79c08da/viewer.html?log_file=https%3A%2F%2Flogs.epoch.ai%2Finspect_ai_logs%2FWNE7cveVN8rsi7DmsFsFVy.eval
gemma-2-27b-it,gemma-2-27b-it,Google,2024-06-24,OTIS Mock Aime 2024-2025,0.01,model_graded,0.01,https://logs.epoch.ai/inspect-viewer/c79c08da/viewer.html?log_file=https%3A%2F%2Flogs.epoch.ai%2Finspect_ai_logs%2FjD6rJdvfNPErKEz9qkpssj.eval
Llama-2-70b-chat-hf,Llama 2,Meta AI,2023-07-18,OTIS Mock Aime 2024-2025,0.0,model_graded,0.0,https://logs.epoch.ai/inspect-viewer/c79c08da/viewer.html?log_file=https%3A%2F%2Flogs.epoch.ai%2Finspect_ai_logs%2FNLk2oE4rzSFihPzF95peHr.eval
claude-opus-4-20250514,Claude Opus 4,Anthropic,2025-05-22,SWE-bench Verified,0.62,pass@1 accuracy,0.02,https://logs.epoch.ai/inspect-viewer/c79c08da/viewer.html?log_file=https%3A%2F%2Flogs.epoch.ai%2Finspect_ai_logs%2F6fbE9sokzKiRhNPfRnVnZA.eval
claude-sonnet-4-20250514,Claude Sonnet 4,Anthropic,2025-05-22,SWE-bench Verified,0.61,pass@1 accuracy,0.02,https://logs.epoch.ai/inspect-viewer/c79c08da/viewer.html?log_file=https%3A%2F%2Flogs.epoch.ai%2Finspect_ai_logs%2FBL9e5eBaVdxVcws6qPwrdh.eval
claude-3-7-sonnet-20250219,Claude 3.7 Sonnet,Anthropic,2025-02-24,SWE-bench Verified,0.52,pass@1 accuracy,0.02,https://logs.epoch.ai/inspect-viewer/c79c08da/viewer.html?log_file=https%3A%2F%2Flogs.epoch.ai%2Finspect_ai_logs%2FMCv2wDLoTzqMRrN8dATPEv.eval
gpt-4.1-2025-04-14,GPT-4.1,OpenAI,2025-04-14,SWE-bench Verified,0.41,pass@1 accuracy,0.02,https://logs.epoch.ai/inspect-viewer/c79c08da/viewer.html?log_file=https%3A%2F%2Flogs.epoch.ai%2Finspect_ai_logs%2FQ6UB2pBAwruHWXCNQvKGVv.eval
claude-3-5-sonnet-20241022,Claude 3.5 Sonnet,Anthropic,2024-10-22,SWE-bench Verified,0.41,pass@1 accuracy,0.02,https://logs.epoch.ai/inspect-viewer/c79c08da/viewer.html?log_file=https%3A%2F%2Flogs.epoch.ai%2Finspect_ai_logs%2FGUbGX7GABSbhxMXiYC5NFr.eval
grok-3-beta,Grok-3 (beta),xAI,2025-04-09,SWE-bench Verified,0.39,pass@1 accuracy,0.02,https://logs.epoch.ai/inspect-viewer/c79c08da/viewer.html?log_file=https%3A%2F%2Flogs.epoch.ai%2Finspect_ai_logs%2FSp6nNR4N7zRGrqPCkgJ4Mn.eval
o3-mini-2025-01-31_medium,O3-mini (medium),OpenAI,2025-01-31,SWE-bench Verified,0.38,pass@1 accuracy,0.02,https://logs.epoch.ai/inspect-viewer/c79c08da/viewer.html?log_file=https%3A%2F%2Flogs.epoch.ai%2Finspect_ai_logs%2FkvVyU6crkxAnG3DAUciMGc.eval
o4-mini-2025-04-16_medium,O4-mini (medium),OpenAI,2025-04-16,SWE-bench Verified,0.35,pass@1 accuracy,0.02,https://logs.epoch.ai/inspect-viewer/c79c08da/viewer.html?log_file=https%3A%2F%2Flogs.epoch.ai%2Finspect_ai_logs%2FeTCmM2smJzrY4xjJnrboT2.eval
gpt-4.1-mini-2025-04-14,GPT-4.1 Mini,OpenAI,2025-04-14,SWE-bench Verified,0.33,pass@1 accuracy,0.02,https://logs.epoch.ai/inspect-viewer/c79c08da/viewer.html?log_file=https%3A%2F%2Flogs.epoch.ai%2Finspect_ai_logs%2FdD8n3SgLkV3Xse6bbG8mMB.eval
claude-3-5-sonnet-20240620,Claude 3.5 Sonnet,Anthropic,2024-06-20,SWE-bench Verified,0.32,pass@1 accuracy,0.02,https://logs.epoch.ai/inspect-viewer/c79c08da/viewer.html?log_file=https%3A%2F%2Flogs.epoch.ai%2Finspect_ai_logs%2FH2sQhavY5BPYxyYHva8mgS.eval
gemini-2.0-flash-001,Gemini 2.0 Flash,Google,2025-02-05,SWE-bench Verified,0.22,pass@1 accuracy,0.02,https://logs.epoch.ai/inspect-viewer/c79c08da/viewer.html?log_file=https%3A%2F%2Flogs.epoch.ai%2Finspect_ai_logs%2Fne2Anciuxh2k3VXGYG4Nqy.eval
grok-3-mini-beta_low,Grok-3 mini (beta),xAI,2025-04-09,SWE-bench Verified,0.15,pass@1 accuracy,0.02,https://logs.epoch.ai/inspect-viewer/c79c08da/viewer.html?log_file=https%3A%2F%2Flogs.epoch.ai%2Finspect_ai_logs%2FMgQteQgHEpQAAQw7DFbh2u.eval
